Время посещения, Длительность посещения, Разовое посещение, От 5 посещений, От 10 посещений, От 20 посещений
Время посещения, Длительность посещения, Разовое посещение, От 5 посещений, От 10 посещений, От 20 посещений
Время посещения, Взрослые, Дети до 18 лет
Наименование, Время посещения, Срок действия, Взрослые, Дети до 18 лет, Льготные
Наименование, Время посещения, Количество оплаченных дней, Стоимость
Наименование, Время посещения, Количество оплаченных дней, Стоимость
Наименование, Время посещения(время входа), Длительность посещения, Стоимость 1го посещения Разовое посещение
Время посещения, Длительность посещения, Разовое посещение, От 5 посещений, От 10 посещений, От 20 посещений
Время посещения, Длительность посещения, Разовое посещение, От 5 посещений, От 10 посещений, От 20 посещений
Время посещения, Длительность посещения, Разовое посещение, От 5 посещений, От 10 посещений, От 20 посещений
Время посещения, Длительность посещения, Разовое посещение
Время посещения, Длительность посещения, Разовое посещение, От 5 посещений, От 10 посещений, От 20 посещений
Время посещения, Длительность посещения, Разовое посещение, От 5 посещений, От 10 посещений, От 20 посещений
Наименование, Время, Длительность посещения, Разовое
Наименование, Время, Длительность посещения, Разовое
Наименование, Время, Длительность посещения, Стоимость 1 дорожки (по договору)
Наименование, Время, Длительность посещения, Стоимость 1 дорожки (по договору)
